INSERT INTO regiones (id,nombre) VALUES (1, 'Sudamérica');
INSERT INTO regiones (id,nombre) VALUES (2, 'Centroamérica');
INSERT INTO regiones (id,nombre) VALUES (3, 'Norteamérica');
INSERT INTO regiones (id,nombre) VALUES (4, 'Europa');
INSERT INTO regiones (id,nombre) VALUES (5, 'Asia');
INSERT INTO regiones (id,nombre) VALUES (6, 'Africa');
INSERT INTO regiones (id,nombre) VALUES (7, 'Oceania');
INSERT INTO regiones (id,nombre) VALUES (8, 'Antártida');

INSERT INTO clientes (region_id, nombre, apellido, email, create_at) VALUES(1, 'Óscar', 'Luna', 'oscar@mail.com', '2020-01-09');
INSERT INTO clientes (region_id, nombre, apellido, email, create_at) VALUES(2, 'Ary', 'Luna', 'ary@mail.com', '2020-01-08');
INSERT INTO clientes (region_id, nombre, apellido, email, create_at) VALUES(3, 'Andres', 'Guzman', 'profesor@bolsadeideas.com', '2017-08-01');
INSERT INTO clientes (region_id, nombre, apellido, email, create_at) VALUES(4, 'John', 'Doe', 'john.doe@gmail.com', '2017-08-02');
INSERT INTO clientes (region_id, nombre, apellido, email, create_at) VALUES(5, 'Linus', 'Torvalds', 'linus.torvalds@gmail.com', '2017-08-03');
INSERT INTO clientes (region_id, nombre, apellido, email, create_at) VALUES(6, 'Jane', 'Doe', 'jane.doe@gmail.com', '2017-08-04');
INSERT INTO clientes (region_id, nombre, apellido, email, create_at) VALUES(7, 'Rasmus', 'Lerdorf', 'rasmus.lerdorf@gmail.com', '2017-08-05');
INSERT INTO clientes (region_id, nombre, apellido, email, create_at) VALUES(8, 'Erich', 'Gamma', 'erich.gamma@gmail.com', '2017-08-06');
INSERT INTO clientes (region_id, nombre, apellido, email, create_at) VALUES(1, 'Richard', 'Helm', 'richard.helm@gmail.com', '2017-08-07');
INSERT INTO clientes (region_id, nombre, apellido, email, create_at) VALUES(2, 'Ralph', 'Johnson', 'ralph.johnson@gmail.com', '2017-08-08');
INSERT INTO clientes (region_id, nombre, apellido, email, create_at) VALUES(3, 'John', 'Vlissides', 'john.vlissides@gmail.com', '2017-08-09');
INSERT INTO clientes (region_id, nombre, apellido, email, create_at) VALUES(4, 'James', 'Gosling', 'james.gosling@gmail.com', '2017-08-010');
INSERT INTO clientes (region_id, nombre, apellido, email, create_at) VALUES(5, 'Bruce', 'Lee', 'bruce.lee@gmail.com', '2017-08-11');
INSERT INTO clientes (region_id, nombre, apellido, email, create_at) VALUES(6, 'Johnny', 'Doe', 'johnny.doe@gmail.com', '2017-08-12');
INSERT INTO clientes (region_id, nombre, apellido, email, create_at) VALUES(7, 'John', 'Roe', 'john.roe@gmail.com', '2017-08-13');
INSERT INTO clientes (region_id, nombre, apellido, email, create_at) VALUES(8, 'Jane', 'Roe', 'jane.roe@gmail.com', '2017-08-14');
INSERT INTO clientes (region_id, nombre, apellido, email, create_at) VALUES(1, 'Richard', 'Doe', 'richard.doe@gmail.com', '2017-08-15');
INSERT INTO clientes (region_id, nombre, apellido, email, create_at) VALUES(2, 'Janie', 'Doe', 'janie.doe@gmail.com', '2017-08-16');
INSERT INTO clientes (region_id, nombre, apellido, email, create_at) VALUES(3, 'Phillip', 'Webb', 'phillip.webb@gmail.com', '2017-08-17');
INSERT INTO clientes (region_id, nombre, apellido, email, create_at) VALUES(4, 'Stephane', 'Nicoll', 'stephane.nicoll@gmail.com', '2017-08-18');
INSERT INTO clientes (region_id, nombre, apellido, email, create_at) VALUES(5, 'Sam', 'Brannen', 'sam.brannen@gmail.com', '2017-08-19');  
INSERT INTO clientes (region_id, nombre, apellido, email, create_at) VALUES(6, 'Juergen', 'Hoeller', 'juergen.Hoeller@gmail.com', '2017-08-20'); 
INSERT INTO clientes (region_id, nombre, apellido, email, create_at) VALUES(7, 'Janie', 'Roe', 'janie.roe@gmail.com', '2017-08-21');
INSERT INTO clientes (region_id, nombre, apellido, email, create_at) VALUES(8, 'John', 'Smith', 'john.smith@gmail.com', '2017-08-22');
INSERT INTO clientes (region_id, nombre, apellido, email, create_at) VALUES(1, 'Joe', 'Bloggs', 'joe.bloggs@gmail.com', '2017-08-23');
INSERT INTO clientes (region_id, nombre, apellido, email, create_at) VALUES(2, 'John', 'Stiles', 'john.stiles@gmail.com', '2017-08-24');
INSERT INTO clientes (region_id, nombre, apellido, email, create_at) VALUES(3, 'Richard', 'Roe', 'stiles.roe@gmail.com', '2017-08-25');
INSERT INTO clientes (region_id, nombre, apellido, email, create_at) VALUES(1, 'Óscar', 'Luna', 'oscar@mail.com', '2020-01-09');
INSERT INTO clientes (region_id, nombre, apellido, email, create_at) VALUES(2, 'Ary', 'Luna', 'ary@mail.com', '2020-01-08');
INSERT INTO clientes (region_id, nombre, apellido, email, create_at) VALUES(3, 'Andres', 'Guzman', 'profesor@bolsadeideas.com', '2017-08-01');
INSERT INTO clientes (region_id, nombre, apellido, email, create_at) VALUES(4, 'John', 'Doe', 'john.doe@gmail.com', '2017-08-02');
INSERT INTO clientes (region_id, nombre, apellido, email, create_at) VALUES(5, 'Linus', 'Torvalds', 'linus.torvalds@gmail.com', '2017-08-03');
INSERT INTO clientes (region_id, nombre, apellido, email, create_at) VALUES(6, 'Jane', 'Doe', 'jane.doe@gmail.com', '2017-08-04');
INSERT INTO clientes (region_id, nombre, apellido, email, create_at) VALUES(7, 'Rasmus', 'Lerdorf', 'rasmus.lerdorf@gmail.com', '2017-08-05');
INSERT INTO clientes (region_id, nombre, apellido, email, create_at) VALUES(8, 'Erich', 'Gamma', 'erich.gamma@gmail.com', '2017-08-06');
INSERT INTO clientes (region_id, nombre, apellido, email, create_at) VALUES(1, 'Richard', 'Helm', 'richard.helm@gmail.com', '2017-08-07');
INSERT INTO clientes (region_id, nombre, apellido, email, create_at) VALUES(2, 'Ralph', 'Johnson', 'ralph.johnson@gmail.com', '2017-08-08');
INSERT INTO clientes (region_id, nombre, apellido, email, create_at) VALUES(3, 'John', 'Vlissides', 'john.vlissides@gmail.com', '2017-08-09');
INSERT INTO clientes (region_id, nombre, apellido, email, create_at) VALUES(4, 'James', 'Gosling', 'james.gosling@gmail.com', '2017-08-010');
INSERT INTO clientes (region_id, nombre, apellido, email, create_at) VALUES(5, 'Bruce', 'Lee', 'bruce.lee@gmail.com', '2017-08-11');
INSERT INTO clientes (region_id, nombre, apellido, email, create_at) VALUES(6, 'Johnny', 'Doe', 'johnny.doe@gmail.com', '2017-08-12');
INSERT INTO clientes (region_id, nombre, apellido, email, create_at) VALUES(7, 'John', 'Roe', 'john.roe@gmail.com', '2017-08-13');
INSERT INTO clientes (region_id, nombre, apellido, email, create_at) VALUES(8, 'Jane', 'Roe', 'jane.roe@gmail.com', '2017-08-14');
INSERT INTO clientes (region_id, nombre, apellido, email, create_at) VALUES(1, 'Richard', 'Doe', 'richard.doe@gmail.com', '2017-08-15');
INSERT INTO clientes (region_id, nombre, apellido, email, create_at) VALUES(2, 'Janie', 'Doe', 'janie.doe@gmail.com', '2017-08-16');
INSERT INTO clientes (region_id, nombre, apellido, email, create_at) VALUES(3, 'Phillip', 'Webb', 'phillip.webb@gmail.com', '2017-08-17');
INSERT INTO clientes (region_id, nombre, apellido, email, create_at) VALUES(4, 'Stephane', 'Nicoll', 'stephane.nicoll@gmail.com', '2017-08-18');
INSERT INTO clientes (region_id, nombre, apellido, email, create_at) VALUES(5, 'Sam', 'Brannen', 'sam.brannen@gmail.com', '2017-08-19');  
INSERT INTO clientes (region_id, nombre, apellido, email, create_at) VALUES(6, 'Juergen', 'Hoeller', 'juergen.Hoeller@gmail.com', '2017-08-20'); 
INSERT INTO clientes (region_id, nombre, apellido, email, create_at) VALUES(7, 'Janie', 'Roe', 'janie.roe@gmail.com', '2017-08-21');
INSERT INTO clientes (region_id, nombre, apellido, email, create_at) VALUES(8, 'John', 'Smith', 'john.smith@gmail.com', '2017-08-22');
INSERT INTO clientes (region_id, nombre, apellido, email, create_at) VALUES(1, 'Joe', 'Bloggs', 'joe.bloggs@gmail.com', '2017-08-23');
INSERT INTO clientes (region_id, nombre, apellido, email, create_at) VALUES(2, 'John', 'Stiles', 'john.stiles@gmail.com', '2017-08-24');
INSERT INTO clientes (region_id, nombre, apellido, email, create_at) VALUES(3, 'Richard', 'Roe', 'stiles.roe@gmail.com', '2017-08-25');
INSERT INTO clientes (region_id, nombre, apellido, email, create_at) VALUES(1, 'Óscar', 'Luna', 'oscar@mail.com', '2020-01-09');
INSERT INTO clientes (region_id, nombre, apellido, email, create_at) VALUES(2, 'Ary', 'Luna', 'ary@mail.com', '2020-01-08');
INSERT INTO clientes (region_id, nombre, apellido, email, create_at) VALUES(3, 'Andres', 'Guzman', 'profesor@bolsadeideas.com', '2017-08-01');
INSERT INTO clientes (region_id, nombre, apellido, email, create_at) VALUES(4, 'John', 'Doe', 'john.doe@gmail.com', '2017-08-02');
INSERT INTO clientes (region_id, nombre, apellido, email, create_at) VALUES(5, 'Linus', 'Torvalds', 'linus.torvalds@gmail.com', '2017-08-03');
INSERT INTO clientes (region_id, nombre, apellido, email, create_at) VALUES(6, 'Jane', 'Doe', 'jane.doe@gmail.com', '2017-08-04');
INSERT INTO clientes (region_id, nombre, apellido, email, create_at) VALUES(7, 'Rasmus', 'Lerdorf', 'rasmus.lerdorf@gmail.com', '2017-08-05');
INSERT INTO clientes (region_id, nombre, apellido, email, create_at) VALUES(8, 'Erich', 'Gamma', 'erich.gamma@gmail.com', '2017-08-06');
INSERT INTO clientes (region_id, nombre, apellido, email, create_at) VALUES(1, 'Richard', 'Helm', 'richard.helm@gmail.com', '2017-08-07');
INSERT INTO clientes (region_id, nombre, apellido, email, create_at) VALUES(2, 'Ralph', 'Johnson', 'ralph.johnson@gmail.com', '2017-08-08');
INSERT INTO clientes (region_id, nombre, apellido, email, create_at) VALUES(3, 'John', 'Vlissides', 'john.vlissides@gmail.com', '2017-08-09');
INSERT INTO clientes (region_id, nombre, apellido, email, create_at) VALUES(4, 'James', 'Gosling', 'james.gosling@gmail.com', '2017-08-010');
INSERT INTO clientes (region_id, nombre, apellido, email, create_at) VALUES(5, 'Bruce', 'Lee', 'bruce.lee@gmail.com', '2017-08-11');
INSERT INTO clientes (region_id, nombre, apellido, email, create_at) VALUES(6, 'Johnny', 'Doe', 'johnny.doe@gmail.com', '2017-08-12');
INSERT INTO clientes (region_id, nombre, apellido, email, create_at) VALUES(7, 'John', 'Roe', 'john.roe@gmail.com', '2017-08-13');
INSERT INTO clientes (region_id, nombre, apellido, email, create_at) VALUES(8, 'Jane', 'Roe', 'jane.roe@gmail.com', '2017-08-14');
INSERT INTO clientes (region_id, nombre, apellido, email, create_at) VALUES(1, 'Richard', 'Doe', 'richard.doe@gmail.com', '2017-08-15');
INSERT INTO clientes (region_id, nombre, apellido, email, create_at) VALUES(2, 'Janie', 'Doe', 'janie.doe@gmail.com', '2017-08-16');
INSERT INTO clientes (region_id, nombre, apellido, email, create_at) VALUES(3, 'Phillip', 'Webb', 'phillip.webb@gmail.com', '2017-08-17');
INSERT INTO clientes (region_id, nombre, apellido, email, create_at) VALUES(4, 'Stephane', 'Nicoll', 'stephane.nicoll@gmail.com', '2017-08-18');
INSERT INTO clientes (region_id, nombre, apellido, email, create_at) VALUES(5, 'Sam', 'Brannen', 'sam.brannen@gmail.com', '2017-08-19');  
INSERT INTO clientes (region_id, nombre, apellido, email, create_at) VALUES(6, 'Juergen', 'Hoeller', 'juergen.Hoeller@gmail.com', '2017-08-20'); 
INSERT INTO clientes (region_id, nombre, apellido, email, create_at) VALUES(7, 'Janie', 'Roe', 'janie.roe@gmail.com', '2017-08-21');
INSERT INTO clientes (region_id, nombre, apellido, email, create_at) VALUES(8, 'John', 'Smith', 'john.smith@gmail.com', '2017-08-22');
INSERT INTO clientes (region_id, nombre, apellido, email, create_at) VALUES(1, 'Joe', 'Bloggs', 'joe.bloggs@gmail.com', '2017-08-23');
INSERT INTO clientes (region_id, nombre, apellido, email, create_at) VALUES(2, 'John', 'Stiles', 'john.stiles@gmail.com', '2017-08-24');
INSERT INTO clientes (region_id, nombre, apellido, email, create_at) VALUES(3, 'Richard', 'Roe', 'stiles.roe@gmail.com', '2017-08-25');
INSERT INTO clientes (region_id, nombre, apellido, email, create_at) VALUES(1, 'Óscar', 'Luna', 'oscar@mail.com', '2020-01-09');
INSERT INTO clientes (region_id, nombre, apellido, email, create_at) VALUES(2, 'Ary', 'Luna', 'ary@mail.com', '2020-01-08');
INSERT INTO clientes (region_id, nombre, apellido, email, create_at) VALUES(3, 'Andres', 'Guzman', 'profesor@bolsadeideas.com', '2017-08-01');
INSERT INTO clientes (region_id, nombre, apellido, email, create_at) VALUES(4, 'John', 'Doe', 'john.doe@gmail.com', '2017-08-02');
INSERT INTO clientes (region_id, nombre, apellido, email, create_at) VALUES(5, 'Linus', 'Torvalds', 'linus.torvalds@gmail.com', '2017-08-03');
INSERT INTO clientes (region_id, nombre, apellido, email, create_at) VALUES(6, 'Jane', 'Doe', 'jane.doe@gmail.com', '2017-08-04');
INSERT INTO clientes (region_id, nombre, apellido, email, create_at) VALUES(7, 'Rasmus', 'Lerdorf', 'rasmus.lerdorf@gmail.com', '2017-08-05');
INSERT INTO clientes (region_id, nombre, apellido, email, create_at) VALUES(8, 'Erich', 'Gamma', 'erich.gamma@gmail.com', '2017-08-06');
INSERT INTO clientes (region_id, nombre, apellido, email, create_at) VALUES(1, 'Richard', 'Helm', 'richard.helm@gmail.com', '2017-08-07');
INSERT INTO clientes (region_id, nombre, apellido, email, create_at) VALUES(2, 'Ralph', 'Johnson', 'ralph.johnson@gmail.com', '2017-08-08');
INSERT INTO clientes (region_id, nombre, apellido, email, create_at) VALUES(3, 'John', 'Vlissides', 'john.vlissides@gmail.com', '2017-08-09');
INSERT INTO clientes (region_id, nombre, apellido, email, create_at) VALUES(4, 'James', 'Gosling', 'james.gosling@gmail.com', '2017-08-010');
INSERT INTO clientes (region_id, nombre, apellido, email, create_at) VALUES(5, 'Bruce', 'Lee', 'bruce.lee@gmail.com', '2017-08-11');
INSERT INTO clientes (region_id, nombre, apellido, email, create_at) VALUES(6, 'Johnny', 'Doe', 'johnny.doe@gmail.com', '2017-08-12');
INSERT INTO clientes (region_id, nombre, apellido, email, create_at) VALUES(7, 'John', 'Roe', 'john.roe@gmail.com', '2017-08-13');
INSERT INTO clientes (region_id, nombre, apellido, email, create_at) VALUES(8, 'Jane', 'Roe', 'jane.roe@gmail.com', '2017-08-14');
INSERT INTO clientes (region_id, nombre, apellido, email, create_at) VALUES(1, 'Richard', 'Doe', 'richard.doe@gmail.com', '2017-08-15');
INSERT INTO clientes (region_id, nombre, apellido, email, create_at) VALUES(2, 'Janie', 'Doe', 'janie.doe@gmail.com', '2017-08-16');
INSERT INTO clientes (region_id, nombre, apellido, email, create_at) VALUES(3, 'Phillip', 'Webb', 'phillip.webb@gmail.com', '2017-08-17');
INSERT INTO clientes (region_id, nombre, apellido, email, create_at) VALUES(4, 'Stephane', 'Nicoll', 'stephane.nicoll@gmail.com', '2017-08-18');
INSERT INTO clientes (region_id, nombre, apellido, email, create_at) VALUES(5, 'Sam', 'Brannen', 'sam.brannen@gmail.com', '2017-08-19');  
INSERT INTO clientes (region_id, nombre, apellido, email, create_at) VALUES(6, 'Juergen', 'Hoeller', 'juergen.Hoeller@gmail.com', '2017-08-20'); 
INSERT INTO clientes (region_id, nombre, apellido, email, create_at) VALUES(7, 'Janie', 'Roe', 'janie.roe@gmail.com', '2017-08-21');
INSERT INTO clientes (region_id, nombre, apellido, email, create_at) VALUES(8, 'John', 'Smith', 'john.smith@gmail.com', '2017-08-22');
INSERT INTO clientes (region_id, nombre, apellido, email, create_at) VALUES(1, 'Joe', 'Bloggs', 'joe.bloggs@gmail.com', '2017-08-23');
INSERT INTO clientes (region_id, nombre, apellido, email, create_at) VALUES(2, 'John', 'Stiles', 'john.stiles@gmail.com', '2017-08-24');
INSERT INTO clientes (region_id, nombre, apellido, email, create_at) VALUES(3, 'Richard', 'Roe', 'stiles.roe@gmail.com', '2017-08-25');
INSERT INTO clientes (region_id, nombre, apellido, email, create_at) VALUES(1, 'Óscar', 'Luna', 'oscar@mail.com', '2020-01-09');
INSERT INTO clientes (region_id, nombre, apellido, email, create_at) VALUES(2, 'Ary', 'Luna', 'ary@mail.com', '2020-01-08');
INSERT INTO clientes (region_id, nombre, apellido, email, create_at) VALUES(3, 'Andres', 'Guzman', 'profesor@bolsadeideas.com', '2017-08-01');
INSERT INTO clientes (region_id, nombre, apellido, email, create_at) VALUES(4, 'John', 'Doe', 'john.doe@gmail.com', '2017-08-02');
INSERT INTO clientes (region_id, nombre, apellido, email, create_at) VALUES(5, 'Linus', 'Torvalds', 'linus.torvalds@gmail.com', '2017-08-03');
INSERT INTO clientes (region_id, nombre, apellido, email, create_at) VALUES(6, 'Jane', 'Doe', 'jane.doe@gmail.com', '2017-08-04');
INSERT INTO clientes (region_id, nombre, apellido, email, create_at) VALUES(7, 'Rasmus', 'Lerdorf', 'rasmus.lerdorf@gmail.com', '2017-08-05');
INSERT INTO clientes (region_id, nombre, apellido, email, create_at) VALUES(8, 'Erich', 'Gamma', 'erich.gamma@gmail.com', '2017-08-06');
INSERT INTO clientes (region_id, nombre, apellido, email, create_at) VALUES(1, 'Richard', 'Helm', 'richard.helm@gmail.com', '2017-08-07');
INSERT INTO clientes (region_id, nombre, apellido, email, create_at) VALUES(2, 'Ralph', 'Johnson', 'ralph.johnson@gmail.com', '2017-08-08');
INSERT INTO clientes (region_id, nombre, apellido, email, create_at) VALUES(3, 'John', 'Vlissides', 'john.vlissides@gmail.com', '2017-08-09');
INSERT INTO clientes (region_id, nombre, apellido, email, create_at) VALUES(4, 'James', 'Gosling', 'james.gosling@gmail.com', '2017-08-010');
INSERT INTO clientes (region_id, nombre, apellido, email, create_at) VALUES(5, 'Bruce', 'Lee', 'bruce.lee@gmail.com', '2017-08-11');
INSERT INTO clientes (region_id, nombre, apellido, email, create_at) VALUES(6, 'Johnny', 'Doe', 'johnny.doe@gmail.com', '2017-08-12');
INSERT INTO clientes (region_id, nombre, apellido, email, create_at) VALUES(7, 'John', 'Roe', 'john.roe@gmail.com', '2017-08-13');
INSERT INTO clientes (region_id, nombre, apellido, email, create_at) VALUES(8, 'Jane', 'Roe', 'jane.roe@gmail.com', '2017-08-14');
INSERT INTO clientes (region_id, nombre, apellido, email, create_at) VALUES(1, 'Richard', 'Doe', 'richard.doe@gmail.com', '2017-08-15');
INSERT INTO clientes (region_id, nombre, apellido, email, create_at) VALUES(2, 'Janie', 'Doe', 'janie.doe@gmail.com', '2017-08-16');
INSERT INTO clientes (region_id, nombre, apellido, email, create_at) VALUES(3, 'Phillip', 'Webb', 'phillip.webb@gmail.com', '2017-08-17');
INSERT INTO clientes (region_id, nombre, apellido, email, create_at) VALUES(4, 'Stephane', 'Nicoll', 'stephane.nicoll@gmail.com', '2017-08-18');
INSERT INTO clientes (region_id, nombre, apellido, email, create_at) VALUES(5, 'Sam', 'Brannen', 'sam.brannen@gmail.com', '2017-08-19');  
INSERT INTO clientes (region_id, nombre, apellido, email, create_at) VALUES(6, 'Juergen', 'Hoeller', 'juergen.Hoeller@gmail.com', '2017-08-20'); 
INSERT INTO clientes (region_id, nombre, apellido, email, create_at) VALUES(7, 'Janie', 'Roe', 'janie.roe@gmail.com', '2017-08-21');
INSERT INTO clientes (region_id, nombre, apellido, email, create_at) VALUES(8, 'John', 'Smith', 'john.smith@gmail.com', '2017-08-22');
INSERT INTO clientes (region_id, nombre, apellido, email, create_at) VALUES(1, 'Joe', 'Bloggs', 'joe.bloggs@gmail.com', '2017-08-23');
INSERT INTO clientes (region_id, nombre, apellido, email, create_at) VALUES(2, 'John', 'Stiles', 'john.stiles@gmail.com', '2017-08-24');
INSERT INTO clientes (region_id, nombre, apellido, email, create_at) VALUES(3, 'Richard', 'Roe', 'stiles.roe@gmail.com', '2017-08-25');
INSERT INTO clientes (region_id, nombre, apellido, email, create_at) VALUES(1, 'Óscar', 'Luna', 'oscar@mail.com', '2020-01-09');
INSERT INTO clientes (region_id, nombre, apellido, email, create_at) VALUES(2, 'Ary', 'Luna', 'ary@mail.com', '2020-01-08');
INSERT INTO clientes (region_id, nombre, apellido, email, create_at) VALUES(3, 'Andres', 'Guzman', 'profesor@bolsadeideas.com', '2017-08-01');
INSERT INTO clientes (region_id, nombre, apellido, email, create_at) VALUES(4, 'John', 'Doe', 'john.doe@gmail.com', '2017-08-02');
INSERT INTO clientes (region_id, nombre, apellido, email, create_at) VALUES(5, 'Linus', 'Torvalds', 'linus.torvalds@gmail.com', '2017-08-03');
INSERT INTO clientes (region_id, nombre, apellido, email, create_at) VALUES(6, 'Jane', 'Doe', 'jane.doe@gmail.com', '2017-08-04');
INSERT INTO clientes (region_id, nombre, apellido, email, create_at) VALUES(7, 'Rasmus', 'Lerdorf', 'rasmus.lerdorf@gmail.com', '2017-08-05');
INSERT INTO clientes (region_id, nombre, apellido, email, create_at) VALUES(8, 'Erich', 'Gamma', 'erich.gamma@gmail.com', '2017-08-06');
INSERT INTO clientes (region_id, nombre, apellido, email, create_at) VALUES(1, 'Richard', 'Helm', 'richard.helm@gmail.com', '2017-08-07');
INSERT INTO clientes (region_id, nombre, apellido, email, create_at) VALUES(2, 'Ralph', 'Johnson', 'ralph.johnson@gmail.com', '2017-08-08');
INSERT INTO clientes (region_id, nombre, apellido, email, create_at) VALUES(3, 'John', 'Vlissides', 'john.vlissides@gmail.com', '2017-08-09');
INSERT INTO clientes (region_id, nombre, apellido, email, create_at) VALUES(4, 'James', 'Gosling', 'james.gosling@gmail.com', '2017-08-010');
INSERT INTO clientes (region_id, nombre, apellido, email, create_at) VALUES(5, 'Bruce', 'Lee', 'bruce.lee@gmail.com', '2017-08-11');
INSERT INTO clientes (region_id, nombre, apellido, email, create_at) VALUES(6, 'Johnny', 'Doe', 'johnny.doe@gmail.com', '2017-08-12');
INSERT INTO clientes (region_id, nombre, apellido, email, create_at) VALUES(7, 'John', 'Roe', 'john.roe@gmail.com', '2017-08-13');
INSERT INTO clientes (region_id, nombre, apellido, email, create_at) VALUES(8, 'Jane', 'Roe', 'jane.roe@gmail.com', '2017-08-14');
INSERT INTO clientes (region_id, nombre, apellido, email, create_at) VALUES(1, 'Richard', 'Doe', 'richard.doe@gmail.com', '2017-08-15');
INSERT INTO clientes (region_id, nombre, apellido, email, create_at) VALUES(2, 'Janie', 'Doe', 'janie.doe@gmail.com', '2017-08-16');
INSERT INTO clientes (region_id, nombre, apellido, email, create_at) VALUES(3, 'Phillip', 'Webb', 'phillip.webb@gmail.com', '2017-08-17');
INSERT INTO clientes (region_id, nombre, apellido, email, create_at) VALUES(4, 'Stephane', 'Nicoll', 'stephane.nicoll@gmail.com', '2017-08-18');
INSERT INTO clientes (region_id, nombre, apellido, email, create_at) VALUES(5, 'Sam', 'Brannen', 'sam.brannen@gmail.com', '2017-08-19');  
INSERT INTO clientes (region_id, nombre, apellido, email, create_at) VALUES(6, 'Juergen', 'Hoeller', 'juergen.Hoeller@gmail.com', '2017-08-20'); 
INSERT INTO clientes (region_id, nombre, apellido, email, create_at) VALUES(7, 'Janie', 'Roe', 'janie.roe@gmail.com', '2017-08-21');
INSERT INTO clientes (region_id, nombre, apellido, email, create_at) VALUES(8, 'John', 'Smith', 'john.smith@gmail.com', '2017-08-22');
INSERT INTO clientes (region_id, nombre, apellido, email, create_at) VALUES(1, 'Joe', 'Bloggs', 'joe.bloggs@gmail.com', '2017-08-23');
INSERT INTO clientes (region_id, nombre, apellido, email, create_at) VALUES(2, 'John', 'Stiles', 'john.stiles@gmail.com', '2017-08-24');
INSERT INTO clientes (region_id, nombre, apellido, email, create_at) VALUES(3, 'Richard', 'Roe', 'stiles.roe@gmail.com', '2017-08-25');
INSERT INTO clientes (region_id, nombre, apellido, email, create_at) VALUES(1, 'Óscar', 'Luna', 'oscar@mail.com', '2020-01-09');
INSERT INTO clientes (region_id, nombre, apellido, email, create_at) VALUES(2, 'Ary', 'Luna', 'ary@mail.com', '2020-01-08');
INSERT INTO clientes (region_id, nombre, apellido, email, create_at) VALUES(3, 'Andres', 'Guzman', 'profesor@bolsadeideas.com', '2017-08-01');
INSERT INTO clientes (region_id, nombre, apellido, email, create_at) VALUES(4, 'John', 'Doe', 'john.doe@gmail.com', '2017-08-02');
INSERT INTO clientes (region_id, nombre, apellido, email, create_at) VALUES(5, 'Linus', 'Torvalds', 'linus.torvalds@gmail.com', '2017-08-03');
INSERT INTO clientes (region_id, nombre, apellido, email, create_at) VALUES(6, 'Jane', 'Doe', 'jane.doe@gmail.com', '2017-08-04');
INSERT INTO clientes (region_id, nombre, apellido, email, create_at) VALUES(7, 'Rasmus', 'Lerdorf', 'rasmus.lerdorf@gmail.com', '2017-08-05');
INSERT INTO clientes (region_id, nombre, apellido, email, create_at) VALUES(8, 'Erich', 'Gamma', 'erich.gamma@gmail.com', '2017-08-06');
INSERT INTO clientes (region_id, nombre, apellido, email, create_at) VALUES(1, 'Richard', 'Helm', 'richard.helm@gmail.com', '2017-08-07');
INSERT INTO clientes (region_id, nombre, apellido, email, create_at) VALUES(2, 'Ralph', 'Johnson', 'ralph.johnson@gmail.com', '2017-08-08');
INSERT INTO clientes (region_id, nombre, apellido, email, create_at) VALUES(3, 'John', 'Vlissides', 'john.vlissides@gmail.com', '2017-08-09');
INSERT INTO clientes (region_id, nombre, apellido, email, create_at) VALUES(4, 'James', 'Gosling', 'james.gosling@gmail.com', '2017-08-010');
INSERT INTO clientes (region_id, nombre, apellido, email, create_at) VALUES(5, 'Bruce', 'Lee', 'bruce.lee@gmail.com', '2017-08-11');
INSERT INTO clientes (region_id, nombre, apellido, email, create_at) VALUES(6, 'Johnny', 'Doe', 'johnny.doe@gmail.com', '2017-08-12');
INSERT INTO clientes (region_id, nombre, apellido, email, create_at) VALUES(7, 'John', 'Roe', 'john.roe@gmail.com', '2017-08-13');
INSERT INTO clientes (region_id, nombre, apellido, email, create_at) VALUES(8, 'Jane', 'Roe', 'jane.roe@gmail.com', '2017-08-14');
INSERT INTO clientes (region_id, nombre, apellido, email, create_at) VALUES(1, 'Richard', 'Doe', 'richard.doe@gmail.com', '2017-08-15');
INSERT INTO clientes (region_id, nombre, apellido, email, create_at) VALUES(2, 'Janie', 'Doe', 'janie.doe@gmail.com', '2017-08-16');
INSERT INTO clientes (region_id, nombre, apellido, email, create_at) VALUES(3, 'Phillip', 'Webb', 'phillip.webb@gmail.com', '2017-08-17');
INSERT INTO clientes (region_id, nombre, apellido, email, create_at) VALUES(4, 'Stephane', 'Nicoll', 'stephane.nicoll@gmail.com', '2017-08-18');
INSERT INTO clientes (region_id, nombre, apellido, email, create_at) VALUES(5, 'Sam', 'Brannen', 'sam.brannen@gmail.com', '2017-08-19');  
INSERT INTO clientes (region_id, nombre, apellido, email, create_at) VALUES(6, 'Juergen', 'Hoeller', 'juergen.Hoeller@gmail.com', '2017-08-20'); 
INSERT INTO clientes (region_id, nombre, apellido, email, create_at) VALUES(7, 'Janie', 'Roe', 'janie.roe@gmail.com', '2017-08-21');
INSERT INTO clientes (region_id, nombre, apellido, email, create_at) VALUES(8, 'John', 'Smith', 'john.smith@gmail.com', '2017-08-22');
INSERT INTO clientes (region_id, nombre, apellido, email, create_at) VALUES(1, 'Joe', 'Bloggs', 'joe.bloggs@gmail.com', '2017-08-23');
INSERT INTO clientes (region_id, nombre, apellido, email, create_at) VALUES(2, 'John', 'Stiles', 'john.stiles@gmail.com', '2017-08-24');
INSERT INTO clientes (region_id, nombre, apellido, email, create_at) VALUES(3, 'Richard', 'Roe', 'stiles.roe@gmail.com', '2017-08-25');
INSERT INTO clientes (region_id, nombre, apellido, email, create_at) VALUES(1, 'Óscar', 'Luna', 'oscar@mail.com', '2020-01-09');
INSERT INTO clientes (region_id, nombre, apellido, email, create_at) VALUES(2, 'Ary', 'Luna', 'ary@mail.com', '2020-01-08');
INSERT INTO clientes (region_id, nombre, apellido, email, create_at) VALUES(3, 'Andres', 'Guzman', 'profesor@bolsadeideas.com', '2017-08-01');
INSERT INTO clientes (region_id, nombre, apellido, email, create_at) VALUES(4, 'John', 'Doe', 'john.doe@gmail.com', '2017-08-02');
INSERT INTO clientes (region_id, nombre, apellido, email, create_at) VALUES(5, 'Linus', 'Torvalds', 'linus.torvalds@gmail.com', '2017-08-03');
INSERT INTO clientes (region_id, nombre, apellido, email, create_at) VALUES(6, 'Jane', 'Doe', 'jane.doe@gmail.com', '2017-08-04');
INSERT INTO clientes (region_id, nombre, apellido, email, create_at) VALUES(7, 'Rasmus', 'Lerdorf', 'rasmus.lerdorf@gmail.com', '2017-08-05');
INSERT INTO clientes (region_id, nombre, apellido, email, create_at) VALUES(8, 'Erich', 'Gamma', 'erich.gamma@gmail.com', '2017-08-06');
INSERT INTO clientes (region_id, nombre, apellido, email, create_at) VALUES(1, 'Richard', 'Helm', 'richard.helm@gmail.com', '2017-08-07');
INSERT INTO clientes (region_id, nombre, apellido, email, create_at) VALUES(2, 'Ralph', 'Johnson', 'ralph.johnson@gmail.com', '2017-08-08');
INSERT INTO clientes (region_id, nombre, apellido, email, create_at) VALUES(3, 'John', 'Vlissides', 'john.vlissides@gmail.com', '2017-08-09');
INSERT INTO clientes (region_id, nombre, apellido, email, create_at) VALUES(4, 'James', 'Gosling', 'james.gosling@gmail.com', '2017-08-010');
INSERT INTO clientes (region_id, nombre, apellido, email, create_at) VALUES(5, 'Bruce', 'Lee', 'bruce.lee@gmail.com', '2017-08-11');
INSERT INTO clientes (region_id, nombre, apellido, email, create_at) VALUES(6, 'Johnny', 'Doe', 'johnny.doe@gmail.com', '2017-08-12');
INSERT INTO clientes (region_id, nombre, apellido, email, create_at) VALUES(7, 'John', 'Roe', 'john.roe@gmail.com', '2017-08-13');
INSERT INTO clientes (region_id, nombre, apellido, email, create_at) VALUES(8, 'Jane', 'Roe', 'jane.roe@gmail.com', '2017-08-14');
INSERT INTO clientes (region_id, nombre, apellido, email, create_at) VALUES(1, 'Richard', 'Doe', 'richard.doe@gmail.com', '2017-08-15');
INSERT INTO clientes (region_id, nombre, apellido, email, create_at) VALUES(2, 'Janie', 'Doe', 'janie.doe@gmail.com', '2017-08-16');
INSERT INTO clientes (region_id, nombre, apellido, email, create_at) VALUES(3, 'Phillip', 'Webb', 'phillip.webb@gmail.com', '2017-08-17');
INSERT INTO clientes (region_id, nombre, apellido, email, create_at) VALUES(4, 'Stephane', 'Nicoll', 'stephane.nicoll@gmail.com', '2017-08-18');
INSERT INTO clientes (region_id, nombre, apellido, email, create_at) VALUES(5, 'Sam', 'Brannen', 'sam.brannen@gmail.com', '2017-08-19');  
INSERT INTO clientes (region_id, nombre, apellido, email, create_at) VALUES(6, 'Juergen', 'Hoeller', 'juergen.Hoeller@gmail.com', '2017-08-20'); 
INSERT INTO clientes (region_id, nombre, apellido, email, create_at) VALUES(7, 'Janie', 'Roe', 'janie.roe@gmail.com', '2017-08-21');
INSERT INTO clientes (region_id, nombre, apellido, email, create_at) VALUES(8, 'John', 'Smith', 'john.smith@gmail.com', '2017-08-22');
INSERT INTO clientes (region_id, nombre, apellido, email, create_at) VALUES(1, 'Joe', 'Bloggs', 'joe.bloggs@gmail.com', '2017-08-23');
INSERT INTO clientes (region_id, nombre, apellido, email, create_at) VALUES(2, 'John', 'Stiles', 'john.stiles@gmail.com', '2017-08-24');
INSERT INTO clientes (region_id, nombre, apellido, email, create_at) VALUES(3, 'Richard', 'Roe', 'stiles.roe@gmail.com', '2017-08-25');
INSERT INTO clientes (region_id, nombre, apellido, email, create_at) VALUES(1, 'Óscar', 'Luna', 'oscar@mail.com', '2020-01-09');
INSERT INTO clientes (region_id, nombre, apellido, email, create_at) VALUES(2, 'Ary', 'Luna', 'ary@mail.com', '2020-01-08');
INSERT INTO clientes (region_id, nombre, apellido, email, create_at) VALUES(3, 'Andres', 'Guzman', 'profesor@bolsadeideas.com', '2017-08-01');
INSERT INTO clientes (region_id, nombre, apellido, email, create_at) VALUES(4, 'John', 'Doe', 'john.doe@gmail.com', '2017-08-02');
INSERT INTO clientes (region_id, nombre, apellido, email, create_at) VALUES(5, 'Linus', 'Torvalds', 'linus.torvalds@gmail.com', '2017-08-03');
INSERT INTO clientes (region_id, nombre, apellido, email, create_at) VALUES(6, 'Jane', 'Doe', 'jane.doe@gmail.com', '2017-08-04');
INSERT INTO clientes (region_id, nombre, apellido, email, create_at) VALUES(7, 'Rasmus', 'Lerdorf', 'rasmus.lerdorf@gmail.com', '2017-08-05');
INSERT INTO clientes (region_id, nombre, apellido, email, create_at) VALUES(8, 'Erich', 'Gamma', 'erich.gamma@gmail.com', '2017-08-06');
INSERT INTO clientes (region_id, nombre, apellido, email, create_at) VALUES(1, 'Richard', 'Helm', 'richard.helm@gmail.com', '2017-08-07');
INSERT INTO clientes (region_id, nombre, apellido, email, create_at) VALUES(2, 'Ralph', 'Johnson', 'ralph.johnson@gmail.com', '2017-08-08');
INSERT INTO clientes (region_id, nombre, apellido, email, create_at) VALUES(3, 'John', 'Vlissides', 'john.vlissides@gmail.com', '2017-08-09');
INSERT INTO clientes (region_id, nombre, apellido, email, create_at) VALUES(4, 'James', 'Gosling', 'james.gosling@gmail.com', '2017-08-010');
INSERT INTO clientes (region_id, nombre, apellido, email, create_at) VALUES(5, 'Bruce', 'Lee', 'bruce.lee@gmail.com', '2017-08-11');
INSERT INTO clientes (region_id, nombre, apellido, email, create_at) VALUES(6, 'Johnny', 'Doe', 'johnny.doe@gmail.com', '2017-08-12');
INSERT INTO clientes (region_id, nombre, apellido, email, create_at) VALUES(7, 'John', 'Roe', 'john.roe@gmail.com', '2017-08-13');
INSERT INTO clientes (region_id, nombre, apellido, email, create_at) VALUES(8, 'Jane', 'Roe', 'jane.roe@gmail.com', '2017-08-14');
INSERT INTO clientes (region_id, nombre, apellido, email, create_at) VALUES(1, 'Richard', 'Doe', 'richard.doe@gmail.com', '2017-08-15');
INSERT INTO clientes (region_id, nombre, apellido, email, create_at) VALUES(2, 'Janie', 'Doe', 'janie.doe@gmail.com', '2017-08-16');
INSERT INTO clientes (region_id, nombre, apellido, email, create_at) VALUES(3, 'Phillip', 'Webb', 'phillip.webb@gmail.com', '2017-08-17');
INSERT INTO clientes (region_id, nombre, apellido, email, create_at) VALUES(4, 'Stephane', 'Nicoll', 'stephane.nicoll@gmail.com', '2017-08-18');
INSERT INTO clientes (region_id, nombre, apellido, email, create_at) VALUES(5, 'Sam', 'Brannen', 'sam.brannen@gmail.com', '2017-08-19');  
INSERT INTO clientes (region_id, nombre, apellido, email, create_at) VALUES(6, 'Juergen', 'Hoeller', 'juergen.Hoeller@gmail.com', '2017-08-20'); 
INSERT INTO clientes (region_id, nombre, apellido, email, create_at) VALUES(7, 'Janie', 'Roe', 'janie.roe@gmail.com', '2017-08-21');
INSERT INTO clientes (region_id, nombre, apellido, email, create_at) VALUES(8, 'John', 'Smith', 'john.smith@gmail.com', '2017-08-22');
INSERT INTO clientes (region_id, nombre, apellido, email, create_at) VALUES(1, 'Joe', 'Bloggs', 'joe.bloggs@gmail.com', '2017-08-23');
INSERT INTO clientes (region_id, nombre, apellido, email, create_at) VALUES(2, 'John', 'Stiles', 'john.stiles@gmail.com', '2017-08-24');
INSERT INTO clientes (region_id, nombre, apellido, email, create_at) VALUES(3, 'Richard', 'Roe', 'stiles.roe@gmail.com', '2017-08-25');
INSERT INTO clientes (region_id, nombre, apellido, email, create_at) VALUES(1, 'Óscar', 'Luna', 'oscar@mail.com', '2020-01-09');
INSERT INTO clientes (region_id, nombre, apellido, email, create_at) VALUES(2, 'Ary', 'Luna', 'ary@mail.com', '2020-01-08');
INSERT INTO clientes (region_id, nombre, apellido, email, create_at) VALUES(3, 'Andres', 'Guzman', 'profesor@bolsadeideas.com', '2017-08-01');
INSERT INTO clientes (region_id, nombre, apellido, email, create_at) VALUES(4, 'John', 'Doe', 'john.doe@gmail.com', '2017-08-02');
INSERT INTO clientes (region_id, nombre, apellido, email, create_at) VALUES(5, 'Linus', 'Torvalds', 'linus.torvalds@gmail.com', '2017-08-03');
INSERT INTO clientes (region_id, nombre, apellido, email, create_at) VALUES(6, 'Jane', 'Doe', 'jane.doe@gmail.com', '2017-08-04');
INSERT INTO clientes (region_id, nombre, apellido, email, create_at) VALUES(7, 'Rasmus', 'Lerdorf', 'rasmus.lerdorf@gmail.com', '2017-08-05');
INSERT INTO clientes (region_id, nombre, apellido, email, create_at) VALUES(8, 'Erich', 'Gamma', 'erich.gamma@gmail.com', '2017-08-06');
INSERT INTO clientes (region_id, nombre, apellido, email, create_at) VALUES(1, 'Richard', 'Helm', 'richard.helm@gmail.com', '2017-08-07');
INSERT INTO clientes (region_id, nombre, apellido, email, create_at) VALUES(2, 'Ralph', 'Johnson', 'ralph.johnson@gmail.com', '2017-08-08');
INSERT INTO clientes (region_id, nombre, apellido, email, create_at) VALUES(3, 'John', 'Vlissides', 'john.vlissides@gmail.com', '2017-08-09');
INSERT INTO clientes (region_id, nombre, apellido, email, create_at) VALUES(4, 'James', 'Gosling', 'james.gosling@gmail.com', '2017-08-010');
INSERT INTO clientes (region_id, nombre, apellido, email, create_at) VALUES(5, 'Bruce', 'Lee', 'bruce.lee@gmail.com', '2017-08-11');
INSERT INTO clientes (region_id, nombre, apellido, email, create_at) VALUES(6, 'Johnny', 'Doe', 'johnny.doe@gmail.com', '2017-08-12');
INSERT INTO clientes (region_id, nombre, apellido, email, create_at) VALUES(7, 'John', 'Roe', 'john.roe@gmail.com', '2017-08-13');
INSERT INTO clientes (region_id, nombre, apellido, email, create_at) VALUES(8, 'Jane', 'Roe', 'jane.roe@gmail.com', '2017-08-14');
INSERT INTO clientes (region_id, nombre, apellido, email, create_at) VALUES(1, 'Richard', 'Doe', 'richard.doe@gmail.com', '2017-08-15');
INSERT INTO clientes (region_id, nombre, apellido, email, create_at) VALUES(2, 'Janie', 'Doe', 'janie.doe@gmail.com', '2017-08-16');
INSERT INTO clientes (region_id, nombre, apellido, email, create_at) VALUES(3, 'Phillip', 'Webb', 'phillip.webb@gmail.com', '2017-08-17');
INSERT INTO clientes (region_id, nombre, apellido, email, create_at) VALUES(4, 'Stephane', 'Nicoll', 'stephane.nicoll@gmail.com', '2017-08-18');
INSERT INTO clientes (region_id, nombre, apellido, email, create_at) VALUES(5, 'Sam', 'Brannen', 'sam.brannen@gmail.com', '2017-08-19');  
INSERT INTO clientes (region_id, nombre, apellido, email, create_at) VALUES(6, 'Juergen', 'Hoeller', 'juergen.Hoeller@gmail.com', '2017-08-20'); 
INSERT INTO clientes (region_id, nombre, apellido, email, create_at) VALUES(7, 'Janie', 'Roe', 'janie.roe@gmail.com', '2017-08-21');
INSERT INTO clientes (region_id, nombre, apellido, email, create_at) VALUES(8, 'John', 'Smith', 'john.smith@gmail.com', '2017-08-22');
INSERT INTO clientes (region_id, nombre, apellido, email, create_at) VALUES(1, 'Joe', 'Bloggs', 'joe.bloggs@gmail.com', '2017-08-23');
INSERT INTO clientes (region_id, nombre, apellido, email, create_at) VALUES(2, 'John', 'Stiles', 'john.stiles@gmail.com', '2017-08-24');
INSERT INTO clientes (region_id, nombre, apellido, email, create_at) VALUES(3, 'Richard', 'Roe', 'stiles.roe@gmail.com', '2017-08-25');
INSERT INTO clientes (region_id, nombre, apellido, email, create_at) VALUES(1, 'Óscar', 'Luna', 'oscar@mail.com', '2020-01-09');
INSERT INTO clientes (region_id, nombre, apellido, email, create_at) VALUES(2, 'Ary', 'Luna', 'ary@mail.com', '2020-01-08');
INSERT INTO clientes (region_id, nombre, apellido, email, create_at) VALUES(3, 'Andres', 'Guzman', 'profesor@bolsadeideas.com', '2017-08-01');
INSERT INTO clientes (region_id, nombre, apellido, email, create_at) VALUES(4, 'John', 'Doe', 'john.doe@gmail.com', '2017-08-02');
INSERT INTO clientes (region_id, nombre, apellido, email, create_at) VALUES(5, 'Linus', 'Torvalds', 'linus.torvalds@gmail.com', '2017-08-03');
INSERT INTO clientes (region_id, nombre, apellido, email, create_at) VALUES(6, 'Jane', 'Doe', 'jane.doe@gmail.com', '2017-08-04');
INSERT INTO clientes (region_id, nombre, apellido, email, create_at) VALUES(7, 'Rasmus', 'Lerdorf', 'rasmus.lerdorf@gmail.com', '2017-08-05');
INSERT INTO clientes (region_id, nombre, apellido, email, create_at) VALUES(8, 'Erich', 'Gamma', 'erich.gamma@gmail.com', '2017-08-06');
INSERT INTO clientes (region_id, nombre, apellido, email, create_at) VALUES(1, 'Richard', 'Helm', 'richard.helm@gmail.com', '2017-08-07');
INSERT INTO clientes (region_id, nombre, apellido, email, create_at) VALUES(2, 'Ralph', 'Johnson', 'ralph.johnson@gmail.com', '2017-08-08');
INSERT INTO clientes (region_id, nombre, apellido, email, create_at) VALUES(3, 'John', 'Vlissides', 'john.vlissides@gmail.com', '2017-08-09');
INSERT INTO clientes (region_id, nombre, apellido, email, create_at) VALUES(4, 'James', 'Gosling', 'james.gosling@gmail.com', '2017-08-010');
INSERT INTO clientes (region_id, nombre, apellido, email, create_at) VALUES(5, 'Bruce', 'Lee', 'bruce.lee@gmail.com', '2017-08-11');
INSERT INTO clientes (region_id, nombre, apellido, email, create_at) VALUES(6, 'Johnny', 'Doe', 'johnny.doe@gmail.com', '2017-08-12');
INSERT INTO clientes (region_id, nombre, apellido, email, create_at) VALUES(7, 'John', 'Roe', 'john.roe@gmail.com', '2017-08-13');
INSERT INTO clientes (region_id, nombre, apellido, email, create_at) VALUES(8, 'Jane', 'Roe', 'jane.roe@gmail.com', '2017-08-14');
INSERT INTO clientes (region_id, nombre, apellido, email, create_at) VALUES(1, 'Richard', 'Doe', 'richard.doe@gmail.com', '2017-08-15');
INSERT INTO clientes (region_id, nombre, apellido, email, create_at) VALUES(2, 'Janie', 'Doe', 'janie.doe@gmail.com', '2017-08-16');
INSERT INTO clientes (region_id, nombre, apellido, email, create_at) VALUES(3, 'Phillip', 'Webb', 'phillip.webb@gmail.com', '2017-08-17');
INSERT INTO clientes (region_id, nombre, apellido, email, create_at) VALUES(4, 'Stephane', 'Nicoll', 'stephane.nicoll@gmail.com', '2017-08-18');
INSERT INTO clientes (region_id, nombre, apellido, email, create_at) VALUES(5, 'Sam', 'Brannen', 'sam.brannen@gmail.com', '2017-08-19');  
INSERT INTO clientes (region_id, nombre, apellido, email, create_at) VALUES(6, 'Juergen', 'Hoeller', 'juergen.Hoeller@gmail.com', '2017-08-20'); 
INSERT INTO clientes (region_id, nombre, apellido, email, create_at) VALUES(7, 'Janie', 'Roe', 'janie.roe@gmail.com', '2017-08-21');
INSERT INTO clientes (region_id, nombre, apellido, email, create_at) VALUES(8, 'John', 'Smith', 'john.smith@gmail.com', '2017-08-22');
INSERT INTO clientes (region_id, nombre, apellido, email, create_at) VALUES(1, 'Joe', 'Bloggs', 'joe.bloggs@gmail.com', '2017-08-23');
INSERT INTO clientes (region_id, nombre, apellido, email, create_at) VALUES(2, 'John', 'Stiles', 'john.stiles@gmail.com', '2017-08-24');
INSERT INTO clientes (region_id, nombre, apellido, email, create_at) VALUES(3, 'Richard', 'Roe', 'stiles.roe@gmail.com', '2017-08-25');
INSERT INTO clientes (region_id, nombre, apellido, email, create_at) VALUES(1, 'Óscar', 'Luna', 'oscar@mail.com', '2020-01-09');
INSERT INTO clientes (region_id, nombre, apellido, email, create_at) VALUES(2, 'Ary', 'Luna', 'ary@mail.com', '2020-01-08');
INSERT INTO clientes (region_id, nombre, apellido, email, create_at) VALUES(3, 'Andres', 'Guzman', 'profesor@bolsadeideas.com', '2017-08-01');
INSERT INTO clientes (region_id, nombre, apellido, email, create_at) VALUES(4, 'John', 'Doe', 'john.doe@gmail.com', '2017-08-02');
INSERT INTO clientes (region_id, nombre, apellido, email, create_at) VALUES(5, 'Linus', 'Torvalds', 'linus.torvalds@gmail.com', '2017-08-03');
INSERT INTO clientes (region_id, nombre, apellido, email, create_at) VALUES(6, 'Jane', 'Doe', 'jane.doe@gmail.com', '2017-08-04');
INSERT INTO clientes (region_id, nombre, apellido, email, create_at) VALUES(7, 'Rasmus', 'Lerdorf', 'rasmus.lerdorf@gmail.com', '2017-08-05');
INSERT INTO clientes (region_id, nombre, apellido, email, create_at) VALUES(8, 'Erich', 'Gamma', 'erich.gamma@gmail.com', '2017-08-06');
INSERT INTO clientes (region_id, nombre, apellido, email, create_at) VALUES(1, 'Richard', 'Helm', 'richard.helm@gmail.com', '2017-08-07');
INSERT INTO clientes (region_id, nombre, apellido, email, create_at) VALUES(2, 'Ralph', 'Johnson', 'ralph.johnson@gmail.com', '2017-08-08');
INSERT INTO clientes (region_id, nombre, apellido, email, create_at) VALUES(3, 'John', 'Vlissides', 'john.vlissides@gmail.com', '2017-08-09');
INSERT INTO clientes (region_id, nombre, apellido, email, create_at) VALUES(4, 'James', 'Gosling', 'james.gosling@gmail.com', '2017-08-010');
INSERT INTO clientes (region_id, nombre, apellido, email, create_at) VALUES(5, 'Bruce', 'Lee', 'bruce.lee@gmail.com', '2017-08-11');
INSERT INTO clientes (region_id, nombre, apellido, email, create_at) VALUES(6, 'Johnny', 'Doe', 'johnny.doe@gmail.com', '2017-08-12');
INSERT INTO clientes (region_id, nombre, apellido, email, create_at) VALUES(7, 'John', 'Roe', 'john.roe@gmail.com', '2017-08-13');
INSERT INTO clientes (region_id, nombre, apellido, email, create_at) VALUES(8, 'Jane', 'Roe', 'jane.roe@gmail.com', '2017-08-14');
INSERT INTO clientes (region_id, nombre, apellido, email, create_at) VALUES(1, 'Richard', 'Doe', 'richard.doe@gmail.com', '2017-08-15');
INSERT INTO clientes (region_id, nombre, apellido, email, create_at) VALUES(2, 'Janie', 'Doe', 'janie.doe@gmail.com', '2017-08-16');
INSERT INTO clientes (region_id, nombre, apellido, email, create_at) VALUES(3, 'Phillip', 'Webb', 'phillip.webb@gmail.com', '2017-08-17');
INSERT INTO clientes (region_id, nombre, apellido, email, create_at) VALUES(4, 'Stephane', 'Nicoll', 'stephane.nicoll@gmail.com', '2017-08-18');
INSERT INTO clientes (region_id, nombre, apellido, email, create_at) VALUES(5, 'Sam', 'Brannen', 'sam.brannen@gmail.com', '2017-08-19');  
INSERT INTO clientes (region_id, nombre, apellido, email, create_at) VALUES(6, 'Juergen', 'Hoeller', 'juergen.Hoeller@gmail.com', '2017-08-20'); 
INSERT INTO clientes (region_id, nombre, apellido, email, create_at) VALUES(7, 'Janie', 'Roe', 'janie.roe@gmail.com', '2017-08-21');
INSERT INTO clientes (region_id, nombre, apellido, email, create_at) VALUES(8, 'John', 'Smith', 'john.smith@gmail.com', '2017-08-22');
INSERT INTO clientes (region_id, nombre, apellido, email, create_at) VALUES(1, 'Joe', 'Bloggs', 'joe.bloggs@gmail.com', '2017-08-23');
INSERT INTO clientes (region_id, nombre, apellido, email, create_at) VALUES(2, 'John', 'Stiles', 'john.stiles@gmail.com', '2017-08-24');
INSERT INTO clientes (region_id, nombre, apellido, email, create_at) VALUES(3, 'Richard', 'Roe', 'stiles.roe@gmail.com', '2017-08-25');
INSERT INTO clientes (region_id, nombre, apellido, email, create_at) VALUES(1, 'Óscar', 'Luna', 'oscar@mail.com', '2020-01-09');
INSERT INTO clientes (region_id, nombre, apellido, email, create_at) VALUES(2, 'Ary', 'Luna', 'ary@mail.com', '2020-01-08');
INSERT INTO clientes (region_id, nombre, apellido, email, create_at) VALUES(3, 'Andres', 'Guzman', 'profesor@bolsadeideas.com', '2017-08-01');
INSERT INTO clientes (region_id, nombre, apellido, email, create_at) VALUES(4, 'John', 'Doe', 'john.doe@gmail.com', '2017-08-02');
INSERT INTO clientes (region_id, nombre, apellido, email, create_at) VALUES(5, 'Linus', 'Torvalds', 'linus.torvalds@gmail.com', '2017-08-03');
INSERT INTO clientes (region_id, nombre, apellido, email, create_at) VALUES(6, 'Jane', 'Doe', 'jane.doe@gmail.com', '2017-08-04');
INSERT INTO clientes (region_id, nombre, apellido, email, create_at) VALUES(7, 'Rasmus', 'Lerdorf', 'rasmus.lerdorf@gmail.com', '2017-08-05');
INSERT INTO clientes (region_id, nombre, apellido, email, create_at) VALUES(8, 'Erich', 'Gamma', 'erich.gamma@gmail.com', '2017-08-06');
INSERT INTO clientes (region_id, nombre, apellido, email, create_at) VALUES(1, 'Richard', 'Helm', 'richard.helm@gmail.com', '2017-08-07');
INSERT INTO clientes (region_id, nombre, apellido, email, create_at) VALUES(2, 'Ralph', 'Johnson', 'ralph.johnson@gmail.com', '2017-08-08');
INSERT INTO clientes (region_id, nombre, apellido, email, create_at) VALUES(3, 'John', 'Vlissides', 'john.vlissides@gmail.com', '2017-08-09');
INSERT INTO clientes (region_id, nombre, apellido, email, create_at) VALUES(4, 'James', 'Gosling', 'james.gosling@gmail.com', '2017-08-010');
INSERT INTO clientes (region_id, nombre, apellido, email, create_at) VALUES(5, 'Bruce', 'Lee', 'bruce.lee@gmail.com', '2017-08-11');
INSERT INTO clientes (region_id, nombre, apellido, email, create_at) VALUES(6, 'Johnny', 'Doe', 'johnny.doe@gmail.com', '2017-08-12');
INSERT INTO clientes (region_id, nombre, apellido, email, create_at) VALUES(7, 'John', 'Roe', 'john.roe@gmail.com', '2017-08-13');
INSERT INTO clientes (region_id, nombre, apellido, email, create_at) VALUES(8, 'Jane', 'Roe', 'jane.roe@gmail.com', '2017-08-14');
INSERT INTO clientes (region_id, nombre, apellido, email, create_at) VALUES(1, 'Richard', 'Doe', 'richard.doe@gmail.com', '2017-08-15');
INSERT INTO clientes (region_id, nombre, apellido, email, create_at) VALUES(2, 'Janie', 'Doe', 'janie.doe@gmail.com', '2017-08-16');
INSERT INTO clientes (region_id, nombre, apellido, email, create_at) VALUES(3, 'Phillip', 'Webb', 'phillip.webb@gmail.com', '2017-08-17');
INSERT INTO clientes (region_id, nombre, apellido, email, create_at) VALUES(4, 'Stephane', 'Nicoll', 'stephane.nicoll@gmail.com', '2017-08-18');
INSERT INTO clientes (region_id, nombre, apellido, email, create_at) VALUES(5, 'Sam', 'Brannen', 'sam.brannen@gmail.com', '2017-08-19');  
INSERT INTO clientes (region_id, nombre, apellido, email, create_at) VALUES(6, 'Juergen', 'Hoeller', 'juergen.Hoeller@gmail.com', '2017-08-20'); 
INSERT INTO clientes (region_id, nombre, apellido, email, create_at) VALUES(7, 'Janie', 'Roe', 'janie.roe@gmail.com', '2017-08-21');
INSERT INTO clientes (region_id, nombre, apellido, email, create_at) VALUES(8, 'John', 'Smith', 'john.smith@gmail.com', '2017-08-22');
INSERT INTO clientes (region_id, nombre, apellido, email, create_at) VALUES(1, 'Joe', 'Bloggs', 'joe.bloggs@gmail.com', '2017-08-23');
INSERT INTO clientes (region_id, nombre, apellido, email, create_at) VALUES(2, 'John', 'Stiles', 'john.stiles@gmail.com', '2017-08-24');
INSERT INTO clientes (region_id, nombre, apellido, email, create_at) VALUES(3, 'Richard', 'Roe', 'stiles.roe@gmail.com', '2017-08-25');
INSERT INTO clientes (region_id, nombre, apellido, email, create_at) VALUES(1, 'Óscar', 'Luna', 'oscar@mail.com', '2020-01-09');
INSERT INTO clientes (region_id, nombre, apellido, email, create_at) VALUES(2, 'Ary', 'Luna', 'ary@mail.com', '2020-01-08');
INSERT INTO clientes (region_id, nombre, apellido, email, create_at) VALUES(3, 'Andres', 'Guzman', 'profesor@bolsadeideas.com', '2017-08-01');
INSERT INTO clientes (region_id, nombre, apellido, email, create_at) VALUES(4, 'John', 'Doe', 'john.doe@gmail.com', '2017-08-02');
INSERT INTO clientes (region_id, nombre, apellido, email, create_at) VALUES(5, 'Linus', 'Torvalds', 'linus.torvalds@gmail.com', '2017-08-03');
INSERT INTO clientes (region_id, nombre, apellido, email, create_at) VALUES(6, 'Jane', 'Doe', 'jane.doe@gmail.com', '2017-08-04');
INSERT INTO clientes (region_id, nombre, apellido, email, create_at) VALUES(7, 'Rasmus', 'Lerdorf', 'rasmus.lerdorf@gmail.com', '2017-08-05');
INSERT INTO clientes (region_id, nombre, apellido, email, create_at) VALUES(8, 'Erich', 'Gamma', 'erich.gamma@gmail.com', '2017-08-06');
INSERT INTO clientes (region_id, nombre, apellido, email, create_at) VALUES(1, 'Richard', 'Helm', 'richard.helm@gmail.com', '2017-08-07');
INSERT INTO clientes (region_id, nombre, apellido, email, create_at) VALUES(2, 'Ralph', 'Johnson', 'ralph.johnson@gmail.com', '2017-08-08');
INSERT INTO clientes (region_id, nombre, apellido, email, create_at) VALUES(3, 'John', 'Vlissides', 'john.vlissides@gmail.com', '2017-08-09');
INSERT INTO clientes (region_id, nombre, apellido, email, create_at) VALUES(4, 'James', 'Gosling', 'james.gosling@gmail.com', '2017-08-010');
INSERT INTO clientes (region_id, nombre, apellido, email, create_at) VALUES(5, 'Bruce', 'Lee', 'bruce.lee@gmail.com', '2017-08-11');
INSERT INTO clientes (region_id, nombre, apellido, email, create_at) VALUES(6, 'Johnny', 'Doe', 'johnny.doe@gmail.com', '2017-08-12');
INSERT INTO clientes (region_id, nombre, apellido, email, create_at) VALUES(7, 'John', 'Roe', 'john.roe@gmail.com', '2017-08-13');
INSERT INTO clientes (region_id, nombre, apellido, email, create_at) VALUES(8, 'Jane', 'Roe', 'jane.roe@gmail.com', '2017-08-14');
INSERT INTO clientes (region_id, nombre, apellido, email, create_at) VALUES(1, 'Richard', 'Doe', 'richard.doe@gmail.com', '2017-08-15');
INSERT INTO clientes (region_id, nombre, apellido, email, create_at) VALUES(2, 'Janie', 'Doe', 'janie.doe@gmail.com', '2017-08-16');
INSERT INTO clientes (region_id, nombre, apellido, email, create_at) VALUES(3, 'Phillip', 'Webb', 'phillip.webb@gmail.com', '2017-08-17');
INSERT INTO clientes (region_id, nombre, apellido, email, create_at) VALUES(4, 'Stephane', 'Nicoll', 'stephane.nicoll@gmail.com', '2017-08-18');
INSERT INTO clientes (region_id, nombre, apellido, email, create_at) VALUES(5, 'Sam', 'Brannen', 'sam.brannen@gmail.com', '2017-08-19');  
INSERT INTO clientes (region_id, nombre, apellido, email, create_at) VALUES(6, 'Juergen', 'Hoeller', 'juergen.Hoeller@gmail.com', '2017-08-20'); 
INSERT INTO clientes (region_id, nombre, apellido, email, create_at) VALUES(7, 'Janie', 'Roe', 'janie.roe@gmail.com', '2017-08-21');
INSERT INTO clientes (region_id, nombre, apellido, email, create_at) VALUES(8, 'John', 'Smith', 'john.smith@gmail.com', '2017-08-22');
INSERT INTO clientes (region_id, nombre, apellido, email, create_at) VALUES(1, 'Joe', 'Bloggs', 'joe.bloggs@gmail.com', '2017-08-23');
INSERT INTO clientes (region_id, nombre, apellido, email, create_at) VALUES(2, 'John', 'Stiles', 'john.stiles@gmail.com', '2017-08-24');
INSERT INTO clientes (region_id, nombre, apellido, email, create_at) VALUES(3, 'Richard', 'Roe', 'stiles.roe@gmail.com', '2017-08-25');
INSERT INTO clientes (region_id, nombre, apellido, email, create_at) VALUES(1, 'Óscar', 'Luna', 'oscar@mail.com', '2020-01-09');
INSERT INTO clientes (region_id, nombre, apellido, email, create_at) VALUES(2, 'Ary', 'Luna', 'ary@mail.com', '2020-01-08');
INSERT INTO clientes (region_id, nombre, apellido, email, create_at) VALUES(3, 'Andres', 'Guzman', 'profesor@bolsadeideas.com', '2017-08-01');
INSERT INTO clientes (region_id, nombre, apellido, email, create_at) VALUES(4, 'John', 'Doe', 'john.doe@gmail.com', '2017-08-02');
INSERT INTO clientes (region_id, nombre, apellido, email, create_at) VALUES(5, 'Linus', 'Torvalds', 'linus.torvalds@gmail.com', '2017-08-03');
INSERT INTO clientes (region_id, nombre, apellido, email, create_at) VALUES(6, 'Jane', 'Doe', 'jane.doe@gmail.com', '2017-08-04');
INSERT INTO clientes (region_id, nombre, apellido, email, create_at) VALUES(7, 'Rasmus', 'Lerdorf', 'rasmus.lerdorf@gmail.com', '2017-08-05');
INSERT INTO clientes (region_id, nombre, apellido, email, create_at) VALUES(8, 'Erich', 'Gamma', 'erich.gamma@gmail.com', '2017-08-06');
INSERT INTO clientes (region_id, nombre, apellido, email, create_at) VALUES(1, 'Richard', 'Helm', 'richard.helm@gmail.com', '2017-08-07');
INSERT INTO clientes (region_id, nombre, apellido, email, create_at) VALUES(2, 'Ralph', 'Johnson', 'ralph.johnson@gmail.com', '2017-08-08');
INSERT INTO clientes (region_id, nombre, apellido, email, create_at) VALUES(3, 'John', 'Vlissides', 'john.vlissides@gmail.com', '2017-08-09');
INSERT INTO clientes (region_id, nombre, apellido, email, create_at) VALUES(4, 'James', 'Gosling', 'james.gosling@gmail.com', '2017-08-010');
INSERT INTO clientes (region_id, nombre, apellido, email, create_at) VALUES(5, 'Bruce', 'Lee', 'bruce.lee@gmail.com', '2017-08-11');
INSERT INTO clientes (region_id, nombre, apellido, email, create_at) VALUES(6, 'Johnny', 'Doe', 'johnny.doe@gmail.com', '2017-08-12');
INSERT INTO clientes (region_id, nombre, apellido, email, create_at) VALUES(7, 'John', 'Roe', 'john.roe@gmail.com', '2017-08-13');
INSERT INTO clientes (region_id, nombre, apellido, email, create_at) VALUES(8, 'Jane', 'Roe', 'jane.roe@gmail.com', '2017-08-14');
INSERT INTO clientes (region_id, nombre, apellido, email, create_at) VALUES(1, 'Richard', 'Doe', 'richard.doe@gmail.com', '2017-08-15');
INSERT INTO clientes (region_id, nombre, apellido, email, create_at) VALUES(2, 'Janie', 'Doe', 'janie.doe@gmail.com', '2017-08-16');
INSERT INTO clientes (region_id, nombre, apellido, email, create_at) VALUES(3, 'Phillip', 'Webb', 'phillip.webb@gmail.com', '2017-08-17');
INSERT INTO clientes (region_id, nombre, apellido, email, create_at) VALUES(4, 'Stephane', 'Nicoll', 'stephane.nicoll@gmail.com', '2017-08-18');
INSERT INTO clientes (region_id, nombre, apellido, email, create_at) VALUES(5, 'Sam', 'Brannen', 'sam.brannen@gmail.com', '2017-08-19');  
INSERT INTO clientes (region_id, nombre, apellido, email, create_at) VALUES(6, 'Juergen', 'Hoeller', 'juergen.Hoeller@gmail.com', '2017-08-20'); 
INSERT INTO clientes (region_id, nombre, apellido, email, create_at) VALUES(7, 'Janie', 'Roe', 'janie.roe@gmail.com', '2017-08-21');
INSERT INTO clientes (region_id, nombre, apellido, email, create_at) VALUES(8, 'John', 'Smith', 'john.smith@gmail.com', '2017-08-22');
INSERT INTO clientes (region_id, nombre, apellido, email, create_at) VALUES(1, 'Joe', 'Bloggs', 'joe.bloggs@gmail.com', '2017-08-23');
INSERT INTO clientes (region_id, nombre, apellido, email, create_at) VALUES(2, 'John', 'Stiles', 'john.stiles@gmail.com', '2017-08-24');
INSERT INTO clientes (region_id, nombre, apellido, email, create_at) VALUES(3, 'Richard', 'Roe', 'stiles.roe@gmail.com', '2017-08-25');

INSERT INTO `usuarios` (username, password, enabled, nombre, apellido, email) VALUES ('oscar', '$2a$10$FD9GJGWkT7K4xU4UN/BVo.xS3jIkA6Rfh.SXd6L0dau0aR9VAPBSq', 1, 'Oscar', 'Luna', 'oluna@mail.com');
INSERT INTO `usuarios` (username, password, enabled, nombre, apellido, email) VALUES ('admin', '$2a$10$eYG4XC632s7Dsfvbx/xdV.G93WjvTlZp1WAjqFvrNbej5xplgYRJu', 1, 'Ary', 'Luna', 'ary@mail.com');

INSERT INTO `roles` (nombre) VALUES ('ROLE_USER');
INSERT INTO `roles` (nombre) VALUES ('ROLE_ADMIN');

INSERT INTO `user_autorities` (user_id, role_id) VALUES (1, 1);
INSERT INTO `user_autorities` (user_id, role_id) VALUES (2, 2);
INSERT INTO `user_autorities` (user_id, role_id) VALUES (2, 1);

INSERT INTO productos (nombre, precio, create_at) VALUES('Panasonic Pantalla LCD', 259990, NOW());
INSERT INTO productos (nombre, precio, create_at) VALUES('Sony Camara digital DSC-W320B', 123490, NOW());
INSERT INTO productos (nombre, precio, create_at) VALUES('Apple iPod shuffle', 1499990, NOW());
INSERT INTO productos (nombre, precio, create_at) VALUES('Sony Notebook Z110', 37990, NOW());
INSERT INTO productos (nombre, precio, create_at) VALUES('Hewlett Packard Multifuncional F2280', 69990, NOW());
INSERT INTO productos (nombre, precio, create_at) VALUES('Bianchi Bicicleta Aro 26', 69990, NOW());
INSERT INTO productos (nombre, precio, create_at) VALUES('Mica Comoda 5 Cajones', 299990, NOW());

INSERT INTO facturas (descripcion, observacion, cliente_id, create_at) VALUES('Factura equipos de oficina', null, 1, NOW());

INSERT INTO facturas_items (cantidad, factura_id, producto_id) VALUES(1, 1, 1);
INSERT INTO facturas_items (cantidad, factura_id, producto_id) VALUES(2, 1, 4);
INSERT INTO facturas_items (cantidad, factura_id, producto_id) VALUES(1, 1, 5);
INSERT INTO facturas_items (cantidad, factura_id, producto_id) VALUES(1, 1, 7);

INSERT INTO facturas (descripcion, observacion, cliente_id, create_at) VALUES('Factura Bicicleta', 'Alguna nota importante!', 1, NOW());
INSERT INTO facturas_items (cantidad, factura_id, producto_id) VALUES(3, 2, 6);